ADC_MiCS5524,ADC_TGS2600,ADC_MQ2,ADC_MQ135,Bahan_Uji_Aktual,Label_Aktual_Risiko,Prediksi_JST,Akurasi_Sesuai
29363,43767,43299,18979,Asap Rokok (Karbon Monoksida),Waspada,Waspada,True
1468,1467,1174,3598,Udara Bersih,Aman,Aman,True
2803,3124,1061,3909,Udara Bersih,Aman,Aman,True
40811,25308,29545,12751,Asap Rokok (Karbon Monoksida),Waspada,Waspada,True
41084,52871,31479,45824,Spiritus,Bahaya,Bahaya,True
27237,23487,14382,24159,Etanol (Alkohol 70%),Waspada,Waspada,True
24121,39629,12995,27855,Etanol (Alkohol 70%),Waspada,Waspada,True
26848,21161,19113,19263,Etanol (Alkohol 70%),Waspada,Waspada,True
21626,43722,49140,22125,Asap Rokok (Karbon Monoksida),Waspada,Waspada,True
1913,1293,3052,2320,Udara Bersih,Aman,Aman,True
23050,32379,25859,23639,Asap Rokok (Karbon Monoksida),Waspada,Waspada,True
26469,36563,32792,17801,Asap Rokok (Karbon Monoksida),Waspada,Waspada,True
43667,29621,61330,12751,Propana/Butana (Gas Korek),Bahaya,Bahaya,True
3818,3684,2793,3765,Udara Bersih,Aman,Aman,True
32212,29899,40995,8253,Propana/Butana (Gas Korek),Bahaya,Bahaya,True
27773,4356,7143,43918,Larutan Amonia,Bahaya,Waspada,False
1842,2628,1422,3406,Udara Bersih,Aman,Aman,True
1223,3960,3316,1596,Udara Bersih,Aman,Aman,True
1016,3446,3120,3187,Udara Bersih,Aman,Aman,True
30425,21851,15376,17896,Etanol (Alkohol 70%),Waspada,Waspada,True
32262,35582,14963,16588,Etanol (Alkohol 70%),Waspada,Waspada,True
37774,33129,56051,11375,Propana/Butana (Gas Korek),Bahaya,Bahaya,True
52180,36805,42631,12132,Propana/Butana (Gas Korek),Bahaya,Bahaya,True
3282,2683,3312,2481,Udara Bersih,Aman,Aman,True
43068,35688,40559,6078,Propana/Butana (Gas Korek),Bahaya,Bahaya,True
15628,35910,14715,27714,Etanol (Alkohol 70%),Waspada,Waspada,True
42689,26232,35259,21333,Asap Rokok (Karbon Monoksida),Waspada,Waspada,True
25719,21924,32243,12418,Asap Rokok (Karbon Monoksida),Waspada,Waspada,True
43242,40203,40835,23071,Asap Rokok (Karbon Monoksida),Waspada,Waspada,True
50091,29664,59636,10393,Propana/Butana (Gas Korek),Bahaya,Bahaya,True
36148,7480,4590,37751,Larutan Amonia,Bahaya,Bahaya,True
19558,30677,22270,36518,Etanol (Alkohol 70%),Waspada,Waspada,True
20139,5553,5087,40552,Larutan Amonia,Bahaya,Bahaya,True
32996,33440,60744,8232,Propana/Butana (Gas Korek),Bahaya,Bahaya,True
45375,55545,30454,59435,Spiritus,Bahaya,Bahaya,True
24436,7517,9972,19513,Larutan Hidrogen Peroksida,Waspada,Waspada,True
14272,5368,11095,22540,Larutan Hidrogen Peroksida,Waspada,Waspada,True
1154,1835,3724,1718,Udara Bersih,Aman,Bahaya,False
12173,9894,14856,18630,Larutan Hidrogen Peroksida,Waspada,Waspada,True
20082,12616,7376,25923,Larutan Hidrogen Peroksida,Waspada,Waspada,True
22355,35807,19502,28394,Etanol (Alkohol 70%),Waspada,Waspada,True
22257,40882,33019,12797,Asap Rokok (Karbon Monoksida),Waspada,Waspada,True
20815,5954,6387,35414,Larutan Amonia,Bahaya,Bahaya,True
45241,48397,34677,43487,Spiritus,Bahaya,Bahaya,True
48818,50801,39050,42750,Spiritus,Bahaya,Bahaya,True
21821,22836,23870,36933,Etanol (Alkohol 70%),Waspada,Waspada,True
20158,36499,22258,28880,Etanol (Alkohol 70%),Waspada,Bahaya,False
17944,7418,5931,28458,Larutan Hidrogen Peroksida,Waspada,Waspada,True
53008,54496,30085,46984,Spiritus,Bahaya,Bahaya,True
3177,3691,3661,3339,Udara Bersih,Aman,Aman,True
2926,1252,1484,3695,Udara Bersih,Aman,Aman,True
32128,3045,3507,51587,Larutan Amonia,Bahaya,Bahaya,True
1015,1482,2646,3075,Udara Bersih,Aman,Aman,True
48039,48364,35682,44744,Spiritus,Bahaya,Aman,False
14880,12464,11496,27738,Larutan Hidrogen Peroksida,Waspada,Waspada,True
48152,53524,26405,47354,Spiritus,Bahaya,Bahaya,True
36630,31099,61406,8930,Propana/Butana (Gas Korek),Bahaya,Bahaya,True
52840,54467,36922,50052,Spiritus,Bahaya,Bahaya,True
18653,9925,6952,25836,Larutan Hidrogen Peroksida,Waspada,Waspada,True
1842,1072,2936,1531,Udara Bersih,Aman,Aman,True
43511,43848,47871,15552,Asap Rokok (Karbon Monoksida),Waspada,Waspada,True
20309,7641,5140,59166,Larutan Amonia,Bahaya,Bahaya,True
54090,46325,46477,8850,Propana/Butana (Gas Korek),Bahaya,Bahaya,True
3553,1950,1508,2670,Udara Bersih,Aman,Bahaya,False
38723,6480,5850,37429,Larutan Amonia,Bahaya,Bahaya,True
2845,3970,1420,2554,Udara Bersih,Aman,Aman,True
51934,43519,55334,12024,Propana/Butana (Gas Korek),Bahaya,Bahaya,True
42189,49403,37140,56202,Spiritus,Bahaya,Bahaya,True
23006,14132,10113,22522,Larutan Hidrogen Peroksida,Waspada,Waspada,True
39957,36249,42549,21936,Asap Rokok (Karbon Monoksida),Waspada,Waspada,True
52250,33449,48262,5939,Propana/Butana (Gas Korek),Bahaya,Bahaya,True
18674,5359,9655,23139,Larutan Hidrogen Peroksida,Waspada,Waspada,True
40730,53862,25457,40746,Spiritus,Bahaya,Bahaya,True
50565,34004,42795,10222,Propana/Butana (Gas Korek),Bahaya,Bahaya,True
30399,25395,19343,17133,Etanol (Alkohol 70%),Waspada,Waspada,True
21292,33283,38515,19561,Asap Rokok (Karbon Monoksida),Waspada,Waspada,True
3178,3927,2548,1968,Udara Bersih,Aman,Aman,True
3385,1812,2316,1235,Udara Bersih,Aman,Waspada,False
20633,44066,45899,20439,Asap Rokok (Karbon Monoksida),Waspada,Waspada,True
23179,24332,12346,21256,Etanol (Alkohol 70%),Waspada,Waspada,True
18238,12145,11601,19199,Larutan Hidrogen Peroksida,Waspada,Waspada,True
54097,56068,33315,52234,Spiritus,Bahaya,Bahaya,True
2258,1743,2067,3273,Udara Bersih,Aman,Aman,True
10215,6160,5460,15610,Larutan Hidrogen Peroksida,Waspada,Waspada,True
32109,37591,17112,17445,Etanol (Alkohol 70%),Waspada,Waspada,True
17374,9734,6732,21507,Larutan Hidrogen Peroksida,Waspada,Waspada,True
2195,2847,2905,1135,Udara Bersih,Aman,Aman,True
27492,6129,5515,56412,Larutan Amonia,Bahaya,Bahaya,True
48173,47444,26058,52848,Spiritus,Bahaya,Bahaya,True
20530,5928,7701,49386,Larutan Amonia,Bahaya,Bahaya,True
29704,36082,36456,18184,Asap Rokok (Karbon Monoksida),Waspada,Waspada,True
24121,8861,14611,28580,Larutan Hidrogen Peroksida,Waspada,Waspada,True
38915,46040,26511,40364,Spiritus,Bahaya,Bahaya,True
16888,37075,11067,22974,Etanol (Alkohol 70%),Waspada,Waspada,True
51897,45349,37217,45637,Spiritus,Bahaya,Bahaya,True
37363,55451,34434,57549,Spiritus,Bahaya,Bahaya,True
29701,40087,14230,19435,Etanol (Alkohol 70%),Waspada,Waspada,True
38765,40170,49762,16189,Asap Rokok (Karbon Monoksida),Waspada,Waspada,True
42440,56646,30112,58615,Spiritus,Bahaya,Waspada,False
41460,30724,43771,21318,Asap Rokok (Karbon Monoksida),Waspada,Waspada,True
22578,42563,37631,22396,Asap Rokok (Karbon Monoksida),Waspada,Waspada,True
28001,42388,34730,10162,Asap Rokok (Karbon Monoksida),Waspada,Waspada,True
3716,1273,1957,3850,Udara Bersih,Aman,Aman,True
53765,39335,53900,9484,Propana/Butana (Gas Korek),Bahaya,Bahaya,True
27330,28216,41812,21285,Asap Rokok (Karbon Monoksida),Waspada,Waspada,True
30831,39740,11368,27360,Etanol (Alkohol 70%),Waspada,Waspada,True
31438,38738,49713,13877,Propana/Butana (Gas Korek),Bahaya,Bahaya,True
28772,22926,28574,21422,Asap Rokok (Karbon Monoksida),Waspada,Waspada,True
27364,22528,11261,32524,Etanol (Alkohol 70%),Waspada,Waspada,True
16455,40546,20593,17033,Etanol (Alkohol 70%),Waspada,Waspada,True
21696,7933,4871,44266,Larutan Amonia,Bahaya,Bahaya,True
36255,7736,7930,53834,Larutan Amonia,Bahaya,Bahaya,True
42525,46252,36657,51168,Spiritus,Bahaya,Bahaya,True
30605,42658,27779,17389,Asap Rokok (Karbon Monoksida),Waspada,Waspada,True
20283,31716,26407,11782,Asap Rokok (Karbon Monoksida),Waspada,Waspada,True
32938,41230,56412,10833,Propana/Butana (Gas Korek),Bahaya,Bahaya,True
34243,29371,14285,36714,Etanol (Alkohol 70%),Waspada,Waspada,True
25589,44080,25303,24548,Asap Rokok (Karbon Monoksida),Waspada,Waspada,True
35863,58367,32915,59859,Spiritus,Bahaya,Bahaya,True
11106,10538,14693,22846,Larutan Hidrogen Peroksida,Waspada,Waspada,True
19440,11957,9545,24413,Larutan Hidrogen Peroksida,Waspada,Waspada,True
18764,14011,5454,19214,Larutan Hidrogen Peroksida,Waspada,Waspada,True
3851,3670,2366,2860,Udara Bersih,Aman,Aman,True
20547,24703,16955,23833,Etanol (Alkohol 70%),Waspada,Waspada,True
18754,5777,14743,29793,Larutan Hidrogen Peroksida,Waspada,Waspada,True
3094,2608,1928,3441,Udara Bersih,Aman,Aman,True
20270,6626,14109,27338,Larutan Hidrogen Peroksida,Waspada,Waspada,True
53995,55885,34201,48364,Spiritus,Bahaya,Bahaya,True
38654,7330,3226,35659,Larutan Amonia,Bahaya,Bahaya,True
42529,57158,39809,43008,Spiritus,Bahaya,Bahaya,True
2782,2142,3909,3526,Udara Bersih,Aman,Aman,True
31766,31717,16222,21835,Etanol (Alkohol 70%),Waspada,Waspada,True
31409,46618,57883,14997,Propana/Butana (Gas Korek),Bahaya,Bahaya,True
44915,33885,44224,24171,Asap Rokok (Karbon Monoksida),Waspada,Waspada,True
51992,48710,31758,42583,Spiritus,Bahaya,Bahaya,True
34081,35154,13429,31792,Etanol (Alkohol 70%),Waspada,Waspada,True
35453,28954,27838,20073,Asap Rokok (Karbon Monoksida),Waspada,Waspada,True
30406,6861,5600,56304,Larutan Amonia,Bahaya,Bahaya,True
31038,5804,7383,45087,Larutan Amonia,Bahaya,Bahaya,True
23350,20719,43878,19304,Asap Rokok (Karbon Monoksida),Waspada,Waspada,True
34081,4064,3681,35363,Larutan Amonia,Bahaya,Bahaya,True
22011,34747,15883,25936,Etanol (Alkohol 70%),Waspada,Waspada,True
53083,50223,32709,55673,Spiritus,Bahaya,Bahaya,True
22930,35552,22935,38738,Etanol (Alkohol 70%),Waspada,Waspada,True
17941,43164,17381,21456,Etanol (Alkohol 70%),Waspada,Waspada,True
31478,44500,37315,14931,Asap Rokok (Karbon Monoksida),Waspada,Waspada,True
45835,31003,41668,6288,Propana/Butana (Gas Korek),Bahaya,Bahaya,True
33201,28797,43054,11408,Propana/Butana (Gas Korek),Bahaya,Bahaya,True
38637,50185,38451,49479,Spiritus,Bahaya,Bahaya,True
36688,24307,29807,10613,Asap Rokok (Karbon Monoksida),Waspada,Waspada,True
34223,31964,43894,5887,Propana/Butana (Gas Korek),Bahaya,Bahaya,True
22412,5303,4031,44106,Larutan Amonia,Bahaya,Bahaya,True
42585,42259,40864,12994,Propana/Butana (Gas Korek),Bahaya,Bahaya,True
32558,3408,7367,58021,Larutan Amonia,Bahaya,Bahaya,True
36221,49153,37093,54965,Spiritus,Bahaya,Bahaya,True
18690,25233,15557,27113,Etanol (Alkohol 70%),Waspada,Waspada,True
27365,29222,16938,33686,Etanol (Alkohol 70%),Waspada,Waspada,True
30917,31310,55693,13952,Propana/Butana (Gas Korek),Bahaya,Bahaya,True
30233,5660,3535,46185,Larutan Amonia,Bahaya,Bahaya,True
2597,1727,1807,2131,Udara Bersih,Aman,Aman,True
10301,8220,7114,19912,Larutan Hidrogen Peroksida,Waspada,Waspada,True
1359,3671,2780,3037,Udara Bersih,Aman,Aman,True
21837,9984,5869,23056,Larutan Hidrogen Peroksida,Waspada,Waspada,True
2760,3236,2294,1382,Udara Bersih,Aman,Aman,True
20675,29077,19688,29269,Etanol (Alkohol 70%),Waspada,Waspada,True
28902,44662,40144,13558,Asap Rokok (Karbon Monoksida),Waspada,Waspada,True
17035,23821,13689,19017,Etanol (Alkohol 70%),Waspada,Waspada,True
12798,7850,6733,28451,Larutan Hidrogen Peroksida,Waspada,Waspada,True
22005,33112,35259,24735,Asap Rokok (Karbon Monoksida),Waspada,Waspada,True
22240,4989,7847,56637,Larutan Amonia,Bahaya,Bahaya,True
50426,31447,43759,11686,Propana/Butana (Gas Korek),Bahaya,Bahaya,True
3788,2670,2714,1839,Udara Bersih,Aman,Aman,True
35389,3935,4618,45635,Larutan Amonia,Bahaya,Bahaya,True
30152,4212,3574,50265,Larutan Amonia,Bahaya,Bahaya,True
37215,39530,43395,9811,Propana/Butana (Gas Korek),Bahaya,Bahaya,True
30651,3259,4683,38360,Larutan Amonia,Bahaya,Bahaya,True
31584,49749,47091,13098,Propana/Butana (Gas Korek),Bahaya,Bahaya,True
40092,55222,36403,51912,Spiritus,Bahaya,Bahaya,True
41789,35296,47675,14295,Propana/Butana (Gas Korek),Bahaya,Bahaya,True
22459,14650,6242,25963,Larutan Hidrogen Peroksida,Waspada,Waspada,True
3815,1543,1199,3223,Udara Bersih,Aman,Aman,True
34361,41045,28494,21929,Asap Rokok (Karbon Monoksida),Waspada,Bahaya,False
25040,24091,29106,22218,Asap Rokok (Karbon Monoksida),Waspada,Waspada,True
2995,2569,2076,3631,Udara Bersih,Aman,Aman,True
29811,40414,35978,15654,Asap Rokok (Karbon Monoksida),Waspada,Waspada,True
41566,32534,56447,10027,Propana/Butana (Gas Korek),Bahaya,Bahaya,True
13483,13995,8838,23153,Larutan Hidrogen Peroksida,Waspada,Waspada,True
53129,54363,26753,58796,Spiritus,Bahaya,Bahaya,True
19415,8349,6392,26910,Larutan Hidrogen Peroksida,Waspada,Waspada,True
35501,33336,47347,21828,Asap Rokok (Karbon Monoksida),Waspada,Waspada,True
38033,49675,28727,54878,Spiritus,Bahaya,Bahaya,True
1100,2709,3287,3630,Udara Bersih,Aman,Aman,True
41841,57318,26659,56929,Spiritus,Bahaya,Bahaya,True
22549,4986,6986,38747,Larutan Amonia,Bahaya,Bahaya,True
19585,38056,20800,31028,Etanol (Alkohol 70%),Waspada,Waspada,True
33878,5713,4258,43642,Larutan Amonia,Bahaya,Bahaya,True
1544,3725,2750,2202,Udara Bersih,Aman,Aman,True
31550,43682,28833,18793,Asap Rokok (Karbon Monoksida),Waspada,Waspada,True
32647,35286,25452,23081,Asap Rokok (Karbon Monoksida),Waspada,Waspada,True
53642,53476,35449,58449,Spiritus,Bahaya,Bahaya,True
47680,28813,52678,11067,Propana/Butana (Gas Korek),Bahaya,Bahaya,True
16361,12364,14343,28883,Larutan Hidrogen Peroksida,Waspada,Waspada,True
24016,22830,24772,35972,Etanol (Alkohol 70%),Waspada,Waspada,True
33116,48021,59137,10188,Propana/Butana (Gas Korek),Bahaya,Bahaya,True
2773,2197,1164,2005,Udara Bersih,Aman,Aman,True
22042,5046,8334,20972,Larutan Hidrogen Peroksida,Waspada,Waspada,True
33434,42996,33658,15204,Asap Rokok (Karbon Monoksida),Waspada,Waspada,True
49750,51783,28369,49048,Spiritus,Bahaya,Bahaya,True
12112,6763,9983,21283,Larutan Hidrogen Peroksida,Waspada,Waspada,True
42871,29059,39514,19483,Asap Rokok (Karbon Monoksida),Waspada,Waspada,True
30327,41588,43916,14610,Propana/Butana (Gas Korek),Bahaya,Bahaya,True
33716,35365,41877,14968,Propana/Butana (Gas Korek),Bahaya,Bahaya,True
25043,34884,11006,33749,Etanol (Alkohol 70%),Waspada,Waspada,True
19198,42451,13077,19767,Etanol (Alkohol 70%),Waspada,Waspada,True
35730,52081,33472,41314,Spiritus,Bahaya,Bahaya,True
21632,9532,10243,21611,Larutan Hidrogen Peroksida,Waspada,Waspada,True
23015,33991,12328,19548,Etanol (Alkohol 70%),Waspada,Waspada,True
51544,48652,48212,7707,Propana/Butana (Gas Korek),Bahaya,Bahaya,True
19659,9087,5253,17342,Larutan Hidrogen Peroksida,Waspada,Waspada,True
47899,41473,40596,7219,Propana/Butana (Gas Korek),Bahaya,Bahaya,True
1693,3015,1059,1312,Udara Bersih,Aman,Aman,True
49997,29463,54360,7381,Propana/Butana (Gas Korek),Bahaya,Bahaya,True
36988,48647,35834,57113,Spiritus,Bahaya,Bahaya,True
36604,4985,6340,40124,Larutan Amonia,Bahaya,Bahaya,True
1879,3689,1039,1256,Udara Bersih,Aman,Aman,True
1623,1079,1544,2749,Udara Bersih,Aman,Aman,True
43428,58390,37261,46836,Spiritus,Bahaya,Bahaya,True
13891,8796,10902,19020,Larutan Hidrogen Peroksida,Waspada,Aman,False
19362,9094,10520,21541,Larutan Hidrogen Peroksida,Waspada,Waspada,True
40889,59226,36454,42802,Spiritus,Bahaya,Aman,False
32369,32185,23418,34996,Etanol (Alkohol 70%),Waspada,Waspada,True
2275,1067,1806,2624,Udara Bersih,Aman,Aman,True
27669,26447,12090,35873,Etanol (Alkohol 70%),Waspada,Waspada,True
54610,38142,43776,7723,Propana/Butana (Gas Korek),Bahaya,Bahaya,True
1055,3742,1353,2729,Udara Bersih,Aman,Aman,True
1822,2662,2954,3489,Udara Bersih,Aman,Aman,True
25160,20274,28422,23500,Asap Rokok (Karbon Monoksida),Waspada,Waspada,True
37477,5987,6002,51625,Larutan Amonia,Bahaya,Bahaya,True
12630,14144,9187,20747,Larutan Hidrogen Peroksida,Waspada,Waspada,True
2556,1140,1498,3214,Udara Bersih,Aman,Aman,True
11241,11031,7453,20839,Larutan Hidrogen Peroksida,Waspada,Waspada,True
37217,33891,55819,7971,Propana/Butana (Gas Korek),Bahaya,Bahaya,True
18496,9760,11636,29052,Larutan Hidrogen Peroksida,Waspada,Waspada,True
29651,25373,10467,21556,Etanol (Alkohol 70%),Waspada,Waspada,True
26901,21285,17445,29921,Etanol (Alkohol 70%),Waspada,Waspada,True
28356,39272,27664,11127,Asap Rokok (Karbon Monoksida),Waspada,Waspada,True
34563,5477,6442,45870,Larutan Amonia,Bahaya,Bahaya,True
36160,45477,57587,11946,Propana/Butana (Gas Korek),Bahaya,Bahaya,True
20442,34755,15414,17289,Etanol (Alkohol 70%),Waspada,Waspada,True
53346,47052,39253,48920,Spiritus,Bahaya,Bahaya,True
34628,38547,59204,12322,Propana/Butana (Gas Korek),Bahaya,Bahaya,True
22098,11587,11922,27737,Larutan Hidrogen Peroksida,Waspada,Waspada,True
36241,37235,44866,14876,Propana/Butana (Gas Korek),Bahaya,Bahaya,True
38881,3197,6527,58131,Larutan Amonia,Bahaya,Bahaya,True
18611,34198,23732,15848,Etanol (Alkohol 70%),Waspada,Waspada,True
47435,32433,60336,14710,Propana/Butana (Gas Korek),Bahaya,Bahaya,True
24163,9742,13620,27668,Larutan Hidrogen Peroksida,Waspada,Waspada,True
27977,40722,25925,18944,Asap Rokok (Karbon Monoksida),Waspada,Waspada,True
25750,23014,26923,20444,Asap Rokok (Karbon Monoksida),Waspada,Waspada,True
21797,38119,10980,22882,Etanol (Alkohol 70%),Waspada,Waspada,True
33487,39768,32968,19388,Asap Rokok (Karbon Monoksida),Waspada,Waspada,True
52719,54237,28494,40488,Spiritus,Bahaya,Bahaya,True
37401,3106,7373,48223,Larutan Amonia,Bahaya,Bahaya,True
43476,39969,49948,15260,Asap Rokok (Karbon Monoksida),Waspada,Waspada,True
39179,30048,36996,19412,Asap Rokok (Karbon Monoksida),Waspada,Bahaya,False
52473,59761,36524,48355,Spiritus,Bahaya,Bahaya,True
28427,6687,4193,37761,Larutan Amonia,Bahaya,Bahaya,True
38865,32180,46518,7336,Propana/Butana (Gas Korek),Bahaya,Bahaya,True
20841,3089,7938,45694,Larutan Amonia,Bahaya,Bahaya,True
2152,3038,1654,3849,Udara Bersih,Aman,Aman,True
30726,22235,16263,36977,Etanol (Alkohol 70%),Waspada,Waspada,True
33894,31685,19201,19175,Etanol (Alkohol 70%),Waspada,Waspada,True
3973,1695,3828,2948,Udara Bersih,Aman,Aman,True
47154,52690,28460,43530,Spiritus,Bahaya,Bahaya,True
1661,1559,3338,2050,Udara Bersih,Aman,Aman,True
31446,49227,59443,14277,Propana/Butana (Gas Korek),Bahaya,Bahaya,True
54872,29347,48717,12582,Propana/Butana (Gas Korek),Bahaya,Bahaya,True
28920,23847,22237,20611,Etanol (Alkohol 70%),Waspada,Waspada,True
35595,38424,53044,10800,Propana/Butana (Gas Korek),Bahaya,Bahaya,True
16829,41936,13984,18237,Etanol (Alkohol 70%),Waspada,Waspada,True
3666,3866,3586,3428,Udara Bersih,Aman,Aman,True
2965,2652,1260,2225,Udara Bersih,Aman,Aman,True
29317,26493,43085,17438,Asap Rokok (Karbon Monoksida),Waspada,Waspada,True
22026,25504,42081,11141,Asap Rokok (Karbon Monoksida),Waspada,Waspada,True
3553,2485,2441,2777,Udara Bersih,Aman,Aman,True
31493,28695,20170,29143,Etanol (Alkohol 70%),Waspada,Waspada,True
1801,3635,3392,2975,Udara Bersih,Aman,Aman,True
3551,3601,3125,3511,Udara Bersih,Aman,Aman,True
20462,11801,11186,26290,Larutan Hidrogen Peroksida,Waspada,Waspada,True
38172,58213,38077,40584,Spiritus,Bahaya,Waspada,False
3477,1386,2005,3230,Udara Bersih,Aman,Aman,True
34018,45449,58306,10074,Propana/Butana (Gas Korek),Bahaya,Bahaya,True
15127,27175,19253,39529,Etanol (Alkohol 70%),Waspada,Waspada,True
47636,48897,34510,50799,Spiritus,Bahaya,Bahaya,True
39496,22674,44025,18118,Asap Rokok (Karbon Monoksida),Waspada,Waspada,True
39259,4709,6163,58300,Larutan Amonia,Bahaya,Bahaya,True
17050,43430,20318,16695,Etanol (Alkohol 70%),Waspada,Waspada,True
37524,42704,41481,10821,Propana/Butana (Gas Korek),Bahaya,Aman,False
21917,35522,10686,36788,Etanol (Alkohol 70%),Waspada,Waspada,True
44337,44221,43741,11951,Asap Rokok (Karbon Monoksida),Waspada,Waspada,True
48956,25614,40486,8236,Propana/Butana (Gas Korek),Bahaya,Bahaya,True
42216,44260,55032,9459,Propana/Butana (Gas Korek),Bahaya,Bahaya,True
25472,7985,5130,46284,Larutan Amonia,Bahaya,Bahaya,True
18272,39870,20405,20519,Etanol (Alkohol 70%),Waspada,Waspada,True
11235,11804,11545,19098,Larutan Hidrogen Peroksida,Waspada,Waspada,True
39017,3755,5161,58590,Larutan Amonia,Bahaya,Bahaya,True
16295,11385,8975,19113,Larutan Hidrogen Peroksida,Waspada,Waspada,True
39679,5046,7470,40748,Larutan Amonia,Bahaya,Bahaya,True
19262,20778,19775,24213,Etanol (Alkohol 70%),Waspada,Waspada,True
3593,2419,3904,1556,Udara Bersih,Aman,Aman,True
3605,3329,3312,3534,Udara Bersih,Aman,Aman,True
39025,35655,28281,10487,Asap Rokok (Karbon Monoksida),Waspada,Waspada,True
38416,6083,6982,47038,Larutan Amonia,Bahaya,Bahaya,True
37346,46877,35283,48606,Spiritus,Bahaya,Bahaya,True
24010,5457,3321,49549,Larutan Amonia,Bahaya,Bahaya,True
25379,6987,4551,46380,Larutan Amonia,Bahaya,Bahaya,True
20232,3362,4962,46998,Larutan Amonia,Bahaya,Bahaya,True
19000,7916,11949,27901,Larutan Hidrogen Peroksida,Waspada,Waspada,True
39496,20990,37012,11573,Asap Rokok (Karbon Monoksida),Waspada,Waspada,True
1726,3959,1427,2496,Udara Bersih,Aman,Aman,True
35453,37561,38991,10146,Asap Rokok (Karbon Monoksida),Waspada,Waspada,True
28161,32942,27196,15259,Asap Rokok (Karbon Monoksida),Waspada,Waspada,True
20830,21964,34923,11990,Asap Rokok (Karbon Monoksida),Waspada,Waspada,True
2702,3068,3401,1600,Udara Bersih,Aman,Aman,True
1502,1313,2909,3119,Udara Bersih,Aman,Aman,True
20631,7681,3259,48532,Larutan Amonia,Bahaya,Bahaya,True
37726,41774,42852,22025,Asap Rokok (Karbon Monoksida),Waspada,Waspada,True
41789,57222,26201,57896,Spiritus,Bahaya,Bahaya,True
18213,13172,9523,24653,Larutan Hidrogen Peroksida,Waspada,Waspada,True
17896,12315,5816,15905,Larutan Hidrogen Peroksida,Waspada,Waspada,True
1741,1478,3615,1657,Udara Bersih,Aman,Aman,True
34517,28422,12731,34742,Etanol (Alkohol 70%),Waspada,Waspada,True
28174,32454,18330,32980,Etanol (Alkohol 70%),Waspada,Waspada,True
19569,44908,24621,31258,Etanol (Alkohol 70%),Waspada,Waspada,True
34988,42005,41588,5306,Propana/Butana (Gas Korek),Bahaya,Bahaya,True
25153,5313,7341,53179,Larutan Amonia,Bahaya,Aman,False
29854,30637,15189,24275,Etanol (Alkohol 70%),Waspada,Waspada,True
39752,3200,7335,49466,Larutan Amonia,Bahaya,Bahaya,True
23772,38131,17300,36835,Etanol (Alkohol 70%),Waspada,Waspada,True
53014,51325,29152,51847,Spiritus,Bahaya,Bahaya,True
38247,4053,6114,50789,Larutan Amonia,Bahaya,Bahaya,True
29662,23289,20737,37725,Etanol (Alkohol 70%),Waspada,Waspada,True
12695,7375,14713,17714,Larutan Hidrogen Peroksida,Waspada,Waspada,True
3563,2476,1741,3612,Udara Bersih,Aman,Aman,True
28906,5574,4796,49823,Larutan Amonia,Bahaya,Bahaya,True
12452,8910,14694,18872,Larutan Hidrogen Peroksida,Waspada,Waspada,True
19851,8251,12734,16963,Larutan Hidrogen Peroksida,Waspada,Waspada,True
24547,9537,7360,16102,Larutan Hidrogen Peroksida,Waspada,Waspada,True
34243,37994,47414,13288,Propana/Butana (Gas Korek),Bahaya,Bahaya,True
2292,1746,2851,3120,Udara Bersih,Aman,Aman,True
1501,1502,1110,3209,Udara Bersih,Aman,Aman,True
36595,31865,46104,22085,Asap Rokok (Karbon Monoksida),Waspada,Waspada,True
44633,46706,44528,6119,Propana/Butana (Gas Korek),Bahaya,Bahaya,True
14046,5570,10311,29049,Larutan Hidrogen Peroksida,Waspada,Waspada,True
1118,1366,2356,3801,Udara Bersih,Aman,Aman,True
1948,2521,1124,1445,Udara Bersih,Aman,Aman,True
24799,14651,5049,29277,Larutan Hidrogen Peroksida,Waspada,Waspada,True
19586,13679,9547,22733,Larutan Hidrogen Peroksida,Waspada,Waspada,True
24776,36671,12094,15749,Etanol (Alkohol 70%),Waspada,Waspada,True
21158,37617,13027,31835,Etanol (Alkohol 70%),Waspada,Waspada,True
39398,3469,6363,46093,Larutan Amonia,Bahaya,Bahaya,True
37362,3885,6463,55952,Larutan Amonia,Bahaya,Bahaya,True
38892,6416,5485,50446,Larutan Amonia,Bahaya,Bahaya,True
32378,34265,10455,38273,Etanol (Alkohol 70%),Waspada,Waspada,True
20342,11765,7156,24883,Larutan Hidrogen Peroksida,Waspada,Waspada,True
27877,6256,3532,51446,Larutan Amonia,Bahaya,Bahaya,True
3998,1144,3931,2220,Udara Bersih,Aman,Aman,True
32415,39559,18505,33461,Etanol (Alkohol 70%),Waspada,Waspada,True
37570,5020,4635,51689,Larutan Amonia,Bahaya,Bahaya,True
3423,3286,3393,2306,Udara Bersih,Aman,Aman,True
36356,3601,5722,35143,Larutan Amonia,Bahaya,Bahaya,True
41491,50496,30942,53909,Spiritus,Bahaya,Bahaya,True
15828,9486,7375,20598,Larutan Hidrogen Peroksida,Waspada,Waspada,True
13409,5731,11034,25023,Larutan Hidrogen Peroksida,Waspada,Waspada,True
32389,5317,4898,56583,Larutan Amonia,Bahaya,Bahaya,True
45381,52187,25384,46824,Spiritus,Bahaya,Bahaya,True
27603,4994,5900,48340,Larutan Amonia,Bahaya,Bahaya,True
35197,39122,45324,20771,Asap Rokok (Karbon Monoksida),Waspada,Waspada,True
43888,20455,29894,10113,Asap Rokok (Karbon Monoksida),Waspada,Waspada,True
19712,13980,7434,28905,Larutan Hidrogen Peroksida,Waspada,Waspada,True
31506,48360,47735,6014,Propana/Butana (Gas Korek),Bahaya,Bahaya,True
32146,26419,32121,14609,Asap Rokok (Karbon Monoksida),Waspada,Bahaya,False
40075,33479,32782,19155,Asap Rokok (Karbon Monoksida),Waspada,Waspada,True
34323,4363,5067,38047,Larutan Amonia,Bahaya,Bahaya,True
18622,37027,12721,28129,Etanol (Alkohol 70%),Waspada,Bahaya,False
29180,22671,18509,21414,Etanol (Alkohol 70%),Waspada,Waspada,True
54258,52253,37089,51004,Spiritus,Bahaya,Bahaya,True
15868,35828,24271,30040,Etanol (Alkohol 70%),Waspada,Waspada,True
3457,3652,1684,1636,Udara Bersih,Aman,Aman,True
45274,35275,58476,14000,Propana/Butana (Gas Korek),Bahaya,Bahaya,True
28835,25921,44513,14122,Asap Rokok (Karbon Monoksida),Waspada,Waspada,True
50565,35593,54686,5955,Propana/Butana (Gas Korek),Bahaya,Bahaya,True
2871,2355,2759,1504,Udara Bersih,Aman,Aman,True
38421,41569,30418,11435,Asap Rokok (Karbon Monoksida),Waspada,Waspada,True
35472,54629,34106,50933,Spiritus,Bahaya,Bahaya,True
1695,2172,2783,2490,Udara Bersih,Aman,Aman,True
3963,1409,3085,2212,Udara Bersih,Aman,Aman,True
40704,42939,55233,14912,Propana/Butana (Gas Korek),Bahaya,Bahaya,True
22567,3520,6621,49459,Larutan Amonia,Bahaya,Bahaya,True
36854,26985,41884,13941,Propana/Butana (Gas Korek),Bahaya,Bahaya,True
12878,8233,7266,20324,Larutan Hidrogen Peroksida,Waspada,Waspada,True
31735,37976,41487,13003,Propana/Butana (Gas Korek),Bahaya,Bahaya,True
19674,33500,23201,31271,Etanol (Alkohol 70%),Waspada,Waspada,True
2598,1973,1999,3008,Udara Bersih,Aman,Aman,True
54853,41545,52271,12306,Propana/Butana (Gas Korek),Bahaya,Bahaya,True
2395,1180,2686,3872,Udara Bersih,Aman,Aman,True
12629,11900,7009,23037,Larutan Hidrogen Peroksida,Waspada,Waspada,True
16933,31259,21342,23689,Etanol (Alkohol 70%),Waspada,Waspada,True
2994,3386,3781,1703,Udara Bersih,Aman,Aman,True
39982,28810,61834,14270,Propana/Butana (Gas Korek),Bahaya,Bahaya,True
2619,3526,2562,2870,Udara Bersih,Aman,Aman,True
22228,38881,28192,22391,Asap Rokok (Karbon Monoksida),Waspada,Waspada,True
21730,12087,5361,19546,Larutan Hidrogen Peroksida,Waspada,Bahaya,False
20262,29003,11314,38423,Etanol (Alkohol 70%),Waspada,Waspada,True
31076,4527,4984,46180,Larutan Amonia,Bahaya,Bahaya,True
2801,2547,3758,2490,Udara Bersih,Aman,Waspada,False
54803,46285,44587,14305,Propana/Butana (Gas Korek),Bahaya,Bahaya,True
17327,40436,15709,36949,Etanol (Alkohol 70%),Waspada,Waspada,True
51701,45148,57380,8046,Propana/Butana (Gas Korek),Bahaya,Bahaya,True
32022,35074,43817,11949,Propana/Butana (Gas Korek),Bahaya,Bahaya,True
2038,3926,2922,3467,Udara Bersih,Aman,Aman,True
33313,46550,60300,9870,Propana/Butana (Gas Korek),Bahaya,Bahaya,True
2818,3294,1524,2507,Udara Bersih,Aman,Aman,True
27973,3731,4837,36704,Larutan Amonia,Bahaya,Bahaya,True
20645,23379,49077,18242,Asap Rokok (Karbon Monoksida),Waspada,Waspada,True
54145,35812,46859,10061,Propana/Butana (Gas Korek),Bahaya,Bahaya,True
40987,27641,54098,7160,Propana/Butana (Gas Korek),Bahaya,Bahaya,True
45489,41255,43344,5613,Propana/Butana (Gas Korek),Bahaya,Bahaya,True
50615,51897,25872,59897,Spiritus,Bahaya,Bahaya,True
36155,55425,39755,44783,Spiritus,Bahaya,Bahaya,True
17844,23034,14549,17526,Etanol (Alkohol 70%),Waspada,Waspada,True
37304,21557,37735,24950,Asap Rokok (Karbon Monoksida),Waspada,Waspada,True
40349,35380,32656,19358,Asap Rokok (Karbon Monoksida),Waspada,Waspada,True
45540,51391,26960,57732,Spiritus,Bahaya,Bahaya,True
23995,24865,15516,25353,Etanol (Alkohol 70%),Waspada,Waspada,True
51550,56004,36539,40220,Spiritus,Bahaya,Bahaya,True
28323,5406,3095,41495,Larutan Amonia,Bahaya,Bahaya,True
30205,23427,18029,20380,Etanol (Alkohol 70%),Waspada,Waspada,True
20303,26030,49396,22023,Asap Rokok (Karbon Monoksida),Waspada,Waspada,True
43989,32196,27743,18219,Asap Rokok (Karbon Monoksida),Waspada,Waspada,True
44087,57665,26471,49764,Spiritus,Bahaya,Bahaya,True
23000,4623,6686,46900,Larutan Amonia,Bahaya,Bahaya,True
42517,50917,31891,55700,Spiritus,Bahaya,Bahaya,True
23381,14553,12869,19731,Larutan Hidrogen Peroksida,Waspada,Waspada,True
3064,2312,1764,3522,Udara Bersih,Aman,Aman,True
1115,3705,2384,2911,Udara Bersih,Aman,Aman,True
33187,7475,6183,50348,Larutan Amonia,Bahaya,Bahaya,True
31666,37960,43303,12374,Propana/Butana (Gas Korek),Bahaya,Bahaya,True
42805,42005,40916,5847,Propana/Butana (Gas Korek),Bahaya,Bahaya,True
3148,1216,1213,1036,Udara Bersih,Aman,Aman,True
3869,3212,2059,1889,Udara Bersih,Aman,Aman,True
38742,44366,54550,6851,Propana/Butana (Gas Korek),Bahaya,Bahaya,True
18482,22459,19904,34109,Etanol (Alkohol 70%),Waspada,Waspada,True
36626,25523,41807,14678,Propana/Butana (Gas Korek),Bahaya,Bahaya,True
40908,56538,34369,47638,Spiritus,Bahaya,Bahaya,True
19113,23034,19225,34365,Etanol (Alkohol 70%),Waspada,Waspada,True
47878,52954,25629,59369,Spiritus,Bahaya,Bahaya,True
3396,1878,3939,2805,Udara Bersih,Aman,Aman,True
26648,38701,22176,31411,Etanol (Alkohol 70%),Waspada,Waspada,True
37561,50074,38921,44492,Spiritus,Bahaya,Bahaya,True
42443,51481,31591,52258,Spiritus,Bahaya,Bahaya,True
33861,26017,11822,19936,Etanol (Alkohol 70%),Waspada,Waspada,True
37738,6229,4429,55398,Larutan Amonia,Bahaya,Bahaya,True
22920,13465,14189,18783,Larutan Hidrogen Peroksida,Waspada,Waspada,True
48876,36513,58523,12284,Propana/Butana (Gas Korek),Bahaya,Bahaya,True
39411,36404,29435,18175,Asap Rokok (Karbon Monoksida),Waspada,Waspada,True
54693,59060,25647,43296,Spiritus,Bahaya,Bahaya,True
33293,43149,57991,7135,Propana/Butana (Gas Korek),Bahaya,Bahaya,True
17587,13407,12328,23133,Larutan Hidrogen Peroksida,Waspada,Waspada,True
34758,32709,32438,18475,Asap Rokok (Karbon Monoksida),Waspada,Waspada,True
47222,46833,53998,12611,Propana/Butana (Gas Korek),Bahaya,Bahaya,True
1480,2384,1027,1740,Udara Bersih,Aman,Aman,True
38161,44795,27479,16022,Asap Rokok (Karbon Monoksida),Waspada,Waspada,True
22001,7040,10550,25996,Larutan Hidrogen Peroksida,Waspada,Waspada,True
45399,29700,47818,12837,Propana/Butana (Gas Korek),Bahaya,Bahaya,True
46084,45078,36414,40706,Spiritus,Bahaya,Bahaya,True
38643,25062,48951,15519,Asap Rokok (Karbon Monoksida),Waspada,Waspada,True
1980,1446,1916,3629,Udara Bersih,Aman,Aman,True
34926,29207,16729,33051,Etanol (Alkohol 70%),Waspada,Waspada,True
52723,53895,30872,48252,Spiritus,Bahaya,Bahaya,True
3086,1009,2858,2066,Udara Bersih,Aman,Aman,True
3382,1278,2764,2442,Udara Bersih,Aman,Aman,True
36058,21621,39499,18422,Asap Rokok (Karbon Monoksida),Waspada,Waspada,True
44016,40087,54882,13049,Propana/Butana (Gas Korek),Bahaya,Bahaya,True
20396,40626,17473,16926,Etanol (Alkohol 70%),Waspada,Waspada,True
36171,50013,36773,54153,Spiritus,Bahaya,Bahaya,True
50772,52759,31602,42949,Spiritus,Bahaya,Bahaya,True
38204,35850,41949,7206,Propana/Butana (Gas Korek),Bahaya,Bahaya,True
26964,38391,24975,38327,Etanol (Alkohol 70%),Waspada,Waspada,True
36064,30531,40904,21784,Asap Rokok (Karbon Monoksida),Waspada,Waspada,True
37366,51148,37597,47676,Spiritus,Bahaya,Bahaya,True
26437,34694,12767,24055,Etanol (Alkohol 70%),Waspada,Waspada,True
28362,20654,25604,22475,Asap Rokok (Karbon Monoksida),Waspada,Waspada,True
26826,32951,32468,24110,Asap Rokok (Karbon Monoksida),Waspada,Waspada,True
13889,9296,13727,27629,Larutan Hidrogen Peroksida,Waspada,Waspada,True
38722,57039,31872,49659,Spiritus,Bahaya,Bahaya,True
33336,27015,56014,9964,Propana/Butana (Gas Korek),Bahaya,Bahaya,True
28737,6647,6827,38972,Larutan Amonia,Bahaya,Bahaya,True
47204,47030,36270,53139,Spiritus,Bahaya,Bahaya,True
24349,5689,5570,19232,Larutan Hidrogen Peroksida,Waspada,Waspada,True
